,element,group_id,act_layer_1_0,act_layer_1_1,act_layer_2_0,act_layer_2_1,act_layer_3_0,act_layer_3_1,act_layer_4_0,act_layer_4_1,act_layer_5_0,act_layer_5_1,act_layer_6_0,act_layer_6_1,act_layer_7_0,act_layer_7_1,act_layer_8_0,act_layer_8_1,act_layer_9_0,act_layer_9_1,act_layer_10_0,act_layer_10_1,act_layer_11_0,act_layer_11_1,act_layer_12_0,act_layer_12_1,act_layer_13_0,act_layer_13_1,act_layer_14_0,act_layer_14_1,act_layer_15_0,act_layer_15_1,act_layer_16_0,act_layer_16_1
0,H,1,-3.86419666728,-0.284834286487,13.2545480117,-91.268992677,-140.376946353,-228.42823527,1006.71568041,3043.99025831,222781.538541,26762.426541,64165.7482764,-0.759757931214,110518.631861,-2.48720998599,185593.156909,-3.59457817445,25344.10993,-3.70720298143,11798.929281,-17.9934335254,5710.45058017,-117.375347321,852.798354468,-0.00799764839596,262.345236008,-0.0125821760859,54.0415508694,-0.248836348856,4.10346868798,-0.278452551863,-1.53828591039,0.531143480949
1,Li,1,-0.634767413313,2.88181023682,-34.0670870677,23.1804352872,-379.436080949,-119.94672127,-47162.9924784,-5488.28333662,-64101.7100741,3584.66087445,-18899.2077589,-2.55422195463,-32553.8837654,-8.31796077638,-51910.1544034,-13.5947090789,-7088.64862112,-14.0258265635,-3307.08139699,-52.8448538562,-939.536797149,-388.856286419,-238.598286083,-0.0302568824162,-73.3996241992,-0.0476019610641,-13.8767808828,-0.829659088476,-1.15206348074,-0.042114185142,0.306405940193,-0.196636676689
2,Be,2,-3.96360242244,0.484251181089,86.7819124702,-9.65364096082,-323.612329904,-201.151856534,-46397.6201437,-5051.94857236,-59160.9143987,5350.86503947,-17555.6147417,-2.52519612416,-30239.6559477,-8.22364391552,-48672.6202266,-13.4583919665,-6646.54042817,-13.8851679138,-3101.16333597,-52.3697736301,-849.398142884,-385.176440862,-223.804722243,-0.0299551649771,-68.8487004891,-0.04712727928,-12.9627400932,-0.821842411272,-1.09507589542,-0.274281253724,0.0821635511745,-0.239561035672
3,B,13,-5.42359512986,0.141713997015,301.792544972,-120.242776903,-124.76397495,-20.4437960261,-46774.4653387,-4373.73174301,-64282.1385294,3633.85279895,-18952.2602492,-2.5553680551,-32645.2623088,-8.32169608018,-52251.9991297,-13.6091025288,-7135.32995421,-14.0406784332,-3328.82388849,-52.8950165874,-950.000603729,-389.283463777,-240.315607478,-0.0302919075001,-73.9279213949,-0.0476570651075,-13.9903240606,-0.830630084934,-1.16227806371,0.0116096912407,0.353023836781,-0.187713103689
4,C,14,-6.39022629101,-1.57292243445,267.464616945,-209.92706233,13648.3056152,-571.682331826,2296740.64788,-17730.4614114,-71211.5321415,5523.07923423,-20989.7596691,-2.2495291745,-36142.7123396,-4.56383234051,-57969.9524168,-9.943730263,-7917.16309347,-10.356146227,-3691.05182138,-39.3656537546,-1110.13983222,-395.821032297,-266.597684967,0.515070539839,-82.0139748537,0.810338844671,-15.771111317,-0.875643065231,-1.78712502405,4.6424193509,5.33267898727,0.765489839908
5,N,15,-6.28299190751,0.510783329129,-248.318738295,-186.491853495,1834.43565119,-472.430655246,175787.817162,87942.3279524,67011.7585531,-48560.1011127,21382.4318801,-1.68401198178,36827.9079034,-5.49027477349,61230.7038947,-8.83088752469,8361.53657089,-9.11028276175,3889.05829541,-36.242442305,2230.03978337,-259.460608232,281.592910251,-0.0196474878623,86.6260910222,-0.030910455221,18.4915752246,-0.552851976371,1.47404227464,-0.734652579575,-1.2397851568,0.225961446931
6,O,16,-2.59926646348,-1.11770233755,-256.471158747,-58.7226338965,-168.115774214,-735.490649218,-28998.3052372,895.278327274,92250.3160879,36165.0362457,26021.3146915,-1.58379753863,44818.0005085,-5.16472039678,67870.6960763,-8.5513091447,9268.27285311,-8.82180065901,4311.38324681,-35.2680846841,-1227.38281516,2451.84617782,311.979262783,-0.0190277526469,95.9738048903,-0.0299354807463,20.520200778,-0.535503613696,1.62408793937,-0.708619968028,-1.25478837771,0.243967696952
7,F,17,-0.747410368734,-1.57752255438,-267.896916795,-37.802233565,-466.650236801,-757.805435118,-49188.1446183,-7222.32857244,-71211.5366671,5523.08209481,-20990.2322305,180.901852845,-36057.1009266,581.083420436,-57969.9929362,952.456157741,-7917.47875416,981.861509837,-3233.24152291,3774.32883292,-1110.13983222,-395.821032297,-266.597684967,0.515070539839,-82.0139748537,0.810338844671,-15.771111317,-0.875643065231,-1.78712502405,4.6424193509,5.33267898727,0.765489839908
8,Na,1,0.18377876395,6.92897626302,22.9482621635,-0.613991059836,-365.913956449,-93.4573582701,-47577.0444037,-5772.96429896,-65702.8103597,4021.18406168,-19369.9905957,-2.56439234301,-33364.7682817,-8.35101143177,-53405.8580154,-13.6576860194,-7292.89757319,-14.0908092584,-3402.21319273,-53.0643381631,-1114.413174,-292.027568825,-245.509355951,-0.0303978349497,-75.5256674629,-0.0478237191128,-15.6414036298,-0.710792773519,-1.1811974602,0.189855952977,0.514376068817,-0.156827145146
9,Mg,2,-0.495622695677,1.11283899569,-17.7344021332,41.0563095683,-322.369107532,169.281772778,-46689.8344751,-5150.48548909,-62191.9587006,3481.60739818,-18353.1181594,-2.54242470358,-31613.2896241,-8.27962878262,-50850.2525489,-13.5500816704,-6943.91150687,-13.9797778194,-3239.66806398,-52.6893234847,-1116.80439122,-233.948264597,-233.709049634,-0.030157165545,-71.8955551353,-0.0474450768318,-13.5636129192,-0.826980944448,-1.13107706972,-0.133256651769,0.220831697385,-0.213017252788
10,Al,13,-3.02883180648,-2.06502406495,32.9925721002,-45.6152692089,-344.601821589,-358.495284912,-46875.1230863,-4989.14537785,-62711.8965856,3205.74281473,-18490.5510207,-2.54539368517,-31850.0063564,-8.2892719889,-51384.0870211,-13.5725588922,-7016.81042896,-14.0029709294,-3273.62175838,-52.7676598726,-1113.40096887,-313.355766719,-236.635006359,-0.0302168409673,-72.7956633698,-0.0475389670233,-13.7612554482,-0.828671140191,-1.1429187917,-0.0868700154446,0.266443267289,-0.204286310307
11,Si,14,-5.06146693472,-3.31890384075,96.3191760099,-107.950365843,244.894325713,-133.968909076,-28368.646458,2461.19649461,-71211.5321415,5523.07923423,-20989.7596691,-2.2495291745,-36142.7123396,-4.56383234051,-57969.9524985,-8.01982672336,-7917.1638839,-7.89027106284,-3689.60172965,-29.0012854629,-1110.13983222,-395.821032297,-266.597684967,0.515070539839,-82.0139748537,0.810338844671,-15.7311222452,-0.875064323875,-1.8065857656,4.69676767686,5.34298541855,0.767462691509
12,P,15,-3.97520129007,-3.70008047545,4.33532291352,-123.110337801,-178.216795739,-469.939944677,-25032.4247904,2396.90002865,2204.50589886,-22273.8641424,1417.88500976,-2.11530891869,2440.62768833,-6.89172937584,3945.95003924,-11.2428751059,538.898295004,-11.5990892461,245.555309986,-44.6484596442,629.621966445,-324.796511481,18.9322047389,-0.0250045009725,5.82413631922,-0.0393384684182,2.14442261926,-0.692649255196,0.264937718533,-0.944429711652,-1.12154409382,0.0809176680237
13,S,16,-4.87162066842,0.184470187419,-265.513640551,-109.070764415,-55.9768915944,-660.959722702,39332.4962209,11655.3987901,-71211.5321415,5523.07923423,-20989.7596691,-2.2495291745,-36142.7123396,-4.56383234051,-57969.9524691,-8.71629576435,-7917.1636864,-8.50626198977,-3689.94997616,-31.3320021061,-1110.13983222,-395.821032297,-266.597684967,0.515070539839,-82.0139748537,0.810338844671,-15.652520329,-0.868861850439,-1.84343257553,4.78626781402,5.21383002892,0.742739835436
14,Cl,17,-3.0063657543,-1.04341020347,-265.793162769,-67.1753056681,-233.351706613,-769.46235446,103865.812419,26544.7833805,816920.90475,-287557.483622,250941.33417,3.27518153467,432224.124134,10.6234743721,656342.234617,16.2264187379,89628.2316758,16.7450707145,41740.1599955,51.0846691078,18892.3113873,420.764614148,3016.20667921,0.0361254599156,927.87164235,0.0568357836791,189.309867296,0.907948750299,14.108487132,1.45739739177,-1.97688331815,1.8216119306
15,K,1,2.54798073703,13.6469172428,124.325953551,57.17725131,-263.132006081,253.995832993,-46812.570345,-5099.11100747,-62966.0730107,3275.04134913,-18565.2883254,-2.54700824576,-31978.7351769,-8.294524463,-51247.5943454,-13.566811837,-6998.17139182,-13.9970408384,-3264.94036957,-52.7476293142,-921.235746902,-388.109159241,-235.594715527,-0.0301956240456,-72.4756398182,-0.0475055806578,-15.6660663916,0.712726019423,-1.12646424414,-0.105260678335,0.228720841143,-0.212650421555
16,Ca,2,5.50811350391,2.89380910248,-24.8433479592,100.642779044,-203.283695334,165.692642619,-35834.6021411,-1539.96359952,-23310.366751,-17496.9841405,-5854.57983229,-2.27241700787,-10085.5911959,-7.40222710767,-16683.8155675,-12.1114960757,-2278.24267567,-12.4953749323,-1066.56755139,-47.6757104869,-1129.73464189,117.841660295,-79.8617252942,-0.0270194212377,-24.5677132763,-0.0425085618717,-3.91613112446,-0.744477787173,-0.244192895502,-0.861551314671,-0.841535808367,-0.115114633759
17,Sc,3,4.27154200299,-2.20536892273,-54.137774625,95.4401770599,-332.067098886,-89.0590290764,-46964.0303841,-5360.29551118,-63543.612498,3432.50142829,-18735.1061965,-2.55067684531,-32271.2324248,-8.30644018389,-52043.3409267,-13.6003169277,-7106.83618124,-14.0316130151,-3315.55250343,-52.8643995092,-943.278381587,-389.009033906,-239.212355068,-0.0302694064655,-73.5885294034,-0.0476216651932,-13.9164214888,-0.829998086281,-1.15562963335,-0.0233579032549,0.322681357049,-0.19352124504
18,Ti,4,0.704265196918,0.465003059755,32.1392263992,97.4318714596,-284.733320839,-35.4431915633,-37205.1833026,-2336.28568623,-31493.7627591,-20666.631773,-7691.21655061,-2.31209413132,-13249.0459934,-7.53120392584,-22100.3155627,-12.3395590391,-3017.90425932,-12.7307014911,-1411.07522942,-48.4705405956,-105.172752365,-354.793975985,-101.662369211,-0.0274640493561,-31.2742136043,-0.0432080721063,-5.24401167763,-0.755833531651,-0.36306113023,-0.824080958532,-0.75190689501,-0.175164024425
19,V,5,-2.22156649489,3.55660650144,126.656813976,58.0862185839,-235.684334119,-109.662539799,-25416.4180272,-1713.34724388,57996.0015725,-1840.63932621,17402.4865685,-1.76999130468,29972.7814911,-5.76972245031,44357.6882847,-9.54132968198,6057.40680471,-9.84335169587,2815.87759578,-38.7183633372,1749.8775306,-279.062885936,202.788680531,-0.0212547145349,62.383654544,-0.0334390945031,13.5870563797,-0.594794350375,1.11128343883,-0.797590485008,-1.20351252104,0.182428549992
20,Cr,6,-3.2380209952,3.53227963345,220.131515727,51.7608088309,-175.116606072,388.95000324,-41281.7215652,-2196.56073695,-38307.2886002,-14086.7189376,-10192.676511,-2.36613352554,-17557.6039011,-7.70677480521,-29129.9268846,-12.6355424215,-3977.84732596,-13.0361115643,-1858.18218363,-49.5020653762,-302.243731934,-362.83925661,-134.005676699,-0.0281236970256,-41.2239423669,-0.044245885042,-7.37393747869,-0.774048191921,-0.553726170874,-0.763978320373,-0.609230907626,-0.271460967072
21,Mn,7,-3.83507578089,1.8343636285,112.683658316,-37.4953735164,-278.751852967,12.7202092739,-46024.7752623,-4563.74776072,-60569.7259023,2621.70246282,-17860.6730912,-2.53178634294,-30765.0937337,-8.24505767174,-49363.4473744,-13.4874794006,-6740.87770367,-13.9151817294,-3145.10223822,-52.4711481279,-1115.05971467,-276.958102055,-226.666195326,-0.0300135252438,-69.7289713835,-0.0472190922386,-13.1408287419,-0.823365386501,-1.10574604134,-0.232483926555,0.123262433308,-0.231693909487
22,Fe,8,-4.68152062346,2.27128194021,201.052336717,-58.1017184778,-190.009735262,242.511265303,-46293.7674758,-4234.80546926,-61194.0637408,2791.92162125,-18044.2517044,-2.53575221776,-31081.2927123,-8.25794430487,-49752.2618272,-13.5038505215,-6793.97315997,-13.9320742804,-3169.83219199,-52.5282009914,-879.582409079,-386.408691762,-228.75856822,-0.0300561995715,-70.3726456005,-0.0472862308032,-13.2710514144,-0.824479022355,-1.11354829806,-0.201920749123,0.153314986207,-0.225941265775
23,Co,8,-5.66825768512,0.401073642278,129.095776952,-88.8900427743,-147.522135683,264.639160308,-45378.8752791,-3531.37429304,-60220.5778027,-1152.9714487,-17369.957271,-2.5211853395,-29919.8762969,-8.21061331229,-47596.228626,-13.4130702535,-6499.55154401,-13.8384027592,-3032.7011723,-52.2118260529,-818.227730216,-383.903931243,-218.689030105,-0.0298508295006,-67.2749671175,-0.0469631283428,-15.6651252029,1.46810212734,-1.06622507815,-0.365511872003,-0.017628083121,-0.263504480932
24,Ni,8,-4.92647320267,-0.723009009348,63.6546539084,-77.9363580834,-293.966673422,-171.441825925,-45807.0245316,-4412.62314309,-57385.3436424,6468.5228025,-17098.7617144,-2.51532666344,-29452.764403,-8.19156663876,-47256.56847,-13.3987687854,-6453.16848972,-13.8236457882,-3011.09765194,-52.1619817249,-809.724446616,-383.556790822,-217.293472702,-0.0298223668523,-66.845653772,-0.0469183488633,-15.6567885475,1.52383562412,-1.06167391227,-0.384823287602,-0.0360802699338,-0.267186837515
25,Cu,11,-4.9377970531,-0.210384631495,71.3078142499,-63.9737274136,-274.274306847,184.600305517,-44592.7861227,-3336.50327518,-53971.3556336,3132.17831602,-16005.9367635,-2.49171821106,-27570.463815,-8.11485205931,-44584.984488,-13.2862811347,-6088.34477772,-13.7075755331,-2841.17588637,-51.7699532893,-733.298567514,-380.436759421,-204.750446734,-0.0295665495444,-62.9870592502,-0.0465158822137,-15.6687855173,-0.691922948803,-0.969784352526,-0.585724543838,-0.279915430243,-0.184777992693
26,Zn,12,-4.01576665097,-0.561504047428,74.1405494234,-29.3940992167,-340.482787036,-108.184720636,-47701.8384837,-5944.04611572,-65691.3764514,4676.83492974,-19390.9975537,-2.5648461593,-33400.9510197,-8.3524843489,-53192.994246,-13.648723342,-7263.82952046,-14.0815611307,-3388.67433718,-53.0331019821,-1114.63272703,-286.694934367,-244.42589419,-0.030375737549,-75.1923635604,-0.0477889545456,-14.235646368,-0.832728027729,-1.18434778182,0.127686008389,0.453746990413,-0.168432731127
27,Ga,13,-3.6979538706,-2.72337963602,39.8590580206,-71.8369324625,-368.57238069,-406.106731227,-47003.4899141,-5182.59674363,-63283.6951114,3361.63768101,-18658.6809035,-2.54902581887,-32139.5961792,-8.30108593999,-51226.6202243,-13.5659287169,-6995.30719519,-13.9961295818,-3263.60632853,-52.7445511428,-920.140667238,-388.064453403,-235.414991787,-0.0301919585471,-72.4203516551,-0.0474998169359,-15.666298445,0.720936585007,-1.12550148637,-0.10994739907,0.224524003045,-0.213588188984
28,Ge,14,-5.82080076624,-3.8368858133,146.641177604,-153.259754532,1007.27149301,-194.695342377,117225.592512,15345.5335067,-5937.03335362,-12273.3277188,-1796.63061449,-2.18475255552,-3096.10936341,-7.11737559982,-3295.21401684,-11.5477659643,-449.934174471,-11.9136906089,-215.007165167,-45.7110510258,417.887314159,-333.44042597,-15.8177037011,-0.0257132317084,-4.86593463331,-0.04045354045,0.159546184935,-0.70962348496,0.118127819842,-0.969900924503,-1.10767400742,0.0633164634769
29,As,15,-5.02266947711,-3.72508811335,-20.001572834,-118.628364818,352.579500914,-311.566305292,16332.8359494,6368.48392316,-30776.6625267,-5501.06354927,-9100.40502684,-2.34253702979,-15676.2566195,-7.63010971724,-25254.9132161,-12.4723840903,-3448.68695236,-12.8677568836,-1611.71832579,-48.9334442439,-1140.62507069,344.622547503,-116.157471136,-0.02775967961,-35.7333233205,-0.0436731818676,-6.1921705528,-0.763941979271,-0.44793766311,-0.797325631567,-0.688393151779,-0.21803162148
30,Se,16,-5.56179905886,-0.735488530889,-181.328707824,-153.192985873,344.430022832,-554.622695102,119055.609176,18938.4429478,334261.978557,-186723.230715,106850.756079,0.16237234486,184040.026341,0.5101094791,326447.89116,2.3361424257,44578.8198938,2.41240388194,20757.7639604,2.6758273091,-1296.51017836,4441.46880227,1483.43934555,0.004864389915,456.34847279,0.00765333924527,94.5314005523,0.0974240025525,7.09827025213,0.241139306506,-1.79853944763,0.892732350622
31,Br,17,-3.64470245958,-1.24323371025,-261.872643271,-77.1596808148,-90.9047885175,-714.644657431,33634.0803207,5742.99754129,110150.068613,-78259.1942511,35958.5021892,-1.36912306808,61933.9833308,-4.46717297037,100674.39136,-7.17010209891,13747.8507513,-7.39660341389,6397.80979783,-30.4544930701,3322.89217844,-214.845697304,460.951980038,-0.0159894268424,141.802072236,-0.0251554010479,29.6543027397,-0.457390768629,2.29968482858,-0.591405309342,-1.32590393087,0.324005435596
32,Kr,18,-5.3693754464,-1.13478763212,-171.803144887,-109.85615237,-53.0069814246,-51.3356575646,80744.9879929,41601.5314333,793753.139165,326399.397976,216773.974803,2.53705922551,373373.677102,8.22545201642,610375.859658,14.2909940727,83351.2007436,14.7480059474,38816.5446126,44.3395224426,17629.6887282,369.218954617,2808.98475543,0.0318991308944,864.124241249,0.050186709702,176.373616336,0.797320757398,13.151666695,1.29139103098,-1.95254123356,1.69482952287
33,Rb,1,2.62274659525,15.3181809546,156.882946298,40.8000904021,-259.92989255,213.469337281,-44534.6389165,-3336.45643818,-56557.4865786,-4297.92870958,-16066.519283,-2.49302698382,-27674.8122251,-8.1191104268,-44389.5010898,-13.2780502617,-6061.65019899,-13.6990825365,-2828.74254372,-51.7412635605,-730.099301128,-380.306151678,-204.225384173,-0.0295558407975,-62.8255353765,-0.0464990337081,-11.7441856092,-0.81142159946,-1.00358301643,-0.490054565029,-0.148895476651,-0.288619760247
34,Sr,2,6.04199972517,5.65464805071,-10.5637004874,122.676538976,-216.791416397,355.70417386,-44032.3749412,-3195.28720644,-53556.5416829,709.63139796,-15798.5358847,-2.48723770047,-27213.2329604,-8.10029546088,-43738.7403482,-13.2506498328,-5972.78423669,-13.670809443,-2787.35195414,-51.6457728812,-712.119394156,-379.572134942,-201.27451366,-0.0294956572539,-61.9177629667,-0.0464043522585,-11.5172434915,-0.809480840034,-0.97849964247,-0.508703433974,-0.176907168696,-0.293845638021
35,Y,3,7.52667651738,-3.06648665089,-65.2792295631,104.367012662,-301.223966607,-33.8984696198,-47482.2397689,-5662.78889749,-66787.5623386,2484.39659712,-19495.6815137,-2.56710766173,-33581.2604919,-8.35983358563,-53939.9842356,-13.6801755253,-7365.8362902,-14.1140150293,-3436.18541943,-53.1427164733,-996.927741049,-391.199230317,-248.017294336,-0.0304489848116,-76.2971811249,-0.0479041918293,-14.4696522052,-0.834729194541,-1.2053994299,0.238407773312,0.549823832737,-0.150041753007
36,Zr,4,3.29781168781,-1.08681904802,-9.3317178393,97.7775016735,-236.528497487,105.632178222,-36780.4556307,-2525.89066232,-23743.3991443,-20126.3699212,-5692.15112139,-2.2689080374,-9805.82109296,-7.39083814344,-15907.0577557,-12.0787905114,-2172.1709037,-12.4616277355,-1017.16313045,-47.5617263554,68.697119686,-347.695863844,-73.1268314968,-0.0268820618474,-22.4958651996,-0.0422924473882,-15.8758225864,8.13485684259,-0.175816628717,-0.870376898378,-0.876018779577,-0.0906048512001
37,Nb,5,-0.895232639417,2.70175098887,157.789017938,102.354930809,-56.1644895584,237.159905933,19866.0966622,3545.07131393,494996.974033,66503.1799987,145369.50607,0.994498362677,250385.3872,3.21327197394,390959.922352,5.05243616187,53388.3936666,5.21520819897,24860.9458266,12.1422927475,11460.4163957,117.362860562,1796.4832908,0.0112489784111,552.649764306,0.0176981214608,113.263637332,0.257618000326,8.48378579267,0.481523378401,-1.8337877481,1.07631828741
38,Mo,6,-3.61808849174,5.07415851951,188.210908485,0.440634405651,-171.010340682,-21.9543645516,-14036.8835403,-2419.96085204,194829.205549,78792.0061028,54528.3732786,-0.96795550982,93919.0496353,-3.16344186693,147533.906943,-5.19707154468,20146.8484743,-5.36073438038,9378.2322791,-23.5783212282,-1304.32024078,4320.54807101,691.654250497,-0.0112842118579,212.772700255,-0.0177528542038,44.1948597176,-0.333043101045,3.37516587678,-0.404811578671,-1.45253374479,0.447508676864
39,Tc,7,-5.23260649406,3.35016979218,160.078004852,-53.934927153,-143.973816596,107.450347245,-21739.7854677,6.0727458293,43739.9041431,-56018.7782519,15995.4162564,-1.80038844415,27549.219337,-5.86847793825,42618.7273487,-9.61454902743,5819.9390433,-9.91890309983,2705.27380452,-38.9735958514,1708.04523438,-280.770659263,195.923140981,-0.0213947384692,60.2716194966,-0.033659350623,13.2478166552,-0.597695454408,1.08619176551,-0.801943838273,-1.20100355617,0.179417378311
40,Ru,8,-5.8699113179,0.56554960251,108.315527344,-83.7126215644,-2.30020533651,-68.0419054708,-16661.7146246,798.070016865,91288.3503441,-9130.68471699,27287.6896912,-1.55643985995,46999.2266177,-5.07581808494,75731.5632568,-8.22032554538,10341.72983,-8.48027564014,4811.36091733,-34.1145400755,2646.97254772,-242.439628795,350.019973225,-0.0182519054026,107.676214978,-0.0287149074667,22.8967708678,-0.515179705336,1.79986932929,-0.678122261553,-1.27236495875,0.265062360364
41,Rh,8,-5.06839680816,-2.3876829286,-16.1531184558,-88.4343650736,-315.435405102,-434.41696839,-39296.6550383,-3422.26270467,31478.7477478,45776.0990308,7315.57836776,-1.98790021281,12598.9164866,-6.47774712462,18218.2820578,-10.6419353223,2487.88550103,-10.9790104664,1153.32324832,-42.554127059,1019.50209941,-308.879936211,82.9193873428,-0.0236994706848,25.5084236553,-0.0372853188305,6.19332176009,-0.658023954032,0.56441146241,-0.892471638377,-1.14983739639,0.116821941299
42,Pd,8,-3.96499165259,-2.6396514953,-30.7614982559,-63.5613756029,-353.214790306,-507.594336101,-42664.2554036,-4283.7001834,-8008.0614934,26678.7176002,-3442.25952035,-2.22030331011,-5930.5689324,-7.2329264561,-11029.3663537,-11.8734142063,-1506.08744132,-12.2497103769,-706.925527065,-46.8459661754,-1154.20781492,674.52830715,-49.1286167801,-0.0263926138707,-15.1133271154,-0.0415224160766,-2.03978542484,-0.728431688548,-0.0762275025646,-0.914498344863,-0.968594358382,-0.0302540765455
43,Ag,11,-4.54124871435,1.14257025967,62.9452838536,-67.0359409743,-243.314676663,114.933474377,-44696.94865,-4147.87966951,-49180.9290442,6302.78788676,-14739.3200646,-2.46435531092,-25388.821356,-8.02592496661,-40698.8643743,-13.122655164,-5557.66755849,-13.5387382614,-2594.00555716,-51.1996991656,-626.708577525,-376.085299946,-187.256882132,-0.0292097650961,-57.605537362,-0.0459545710438,-15.7284735844,2.92097648531,-0.854981299886,-0.593808663422,-0.308545387946,-0.318179745211
44,Cd,12,-3.42376221588,0.588906347365,51.4521058134,-21.865422609,-329.432102367,15.2500944844,-47217.6562285,-5483.7186497,-63922.2832828,3998.30313611,-18863.5605421,-2.55345186275,-32492.4844138,-8.31545849756,-52484.2154381,-13.6188800492,-7167.04076804,-14.0507673669,-3343.59363684,-52.9290930949,-1115.28989282,-270.733301463,-241.182876994,-0.0303095956204,-74.1947186551,-0.0476848965446,-14.0382515466,-0.831039950327,-1.16658971421,0.0342869542354,0.372701685307,-0.183946380377
45,In,13,-3.57213451257,-2.19656194961,85.787745404,-80.0791800114,-255.604266261,-112.68552406,-41782.239449,-4095.09855395,-41615.0201352,-2613.56908982,-12280.168698,-2.41122991525,-21153.1365379,-7.85331390797,-33971.2725834,-12.8393883825,-4638.96740968,-13.2464498023,-2166.1080922,-50.2124803412,-438.503555133,-368.40196563,-156.368652769,-0.028579794011,-48.103433137,-0.0449634420762,-8.76573708156,-0.785950558152,-0.678316279855,-0.72470425903,-0.516186376116,-0.337069073607
46,Sn,14,-4.41469905303,-3.6942610782,41.3607825684,-95.011119347,-315.896438288,-330.773252321,-46201.7473567,-4677.81356924,-61909.1943401,691.680013196,-18012.4638627,-2.5350655005,-31026.5407731,-8.2557111194,-49633.0215929,-13.4988298843,-6777.69007974,-13.9268937474,-3162.2481139,-52.5107044756,-876.337541689,-386.276222391,-228.226021223,-0.0300453381781,-70.2088188408,-0.0472691487672,-13.2379072321,-0.824195580547,-1.11156247918,-0.209699654103,0.145666061685,-0.227405418844
47,Sb,15,-5.51595388449,-3.59579681613,60.8518441787,-113.073947251,98.8351777683,-84.4934774157,-14616.616732,4281.82853748,13586.3160577,-17596.1640127,3943.96118105,-2.06073773697,6791.58499169,-6.71443183452,8030.50862937,-11.0708938381,1096.67365739,-11.4216305819,505.346873965,-44.0490772172,-1171.76009634,1100.84854403,37.4893336413,-0.0246260249358,11.5328362316,-0.038743057324,-15.9603352922,13.1418972434,0.398676069144,-0.921226385274,-1.13417928318,0.0969517220641
48,Te,16,-5.75180392135,-1.90723812108,-18.1906544364,-146.550423813,2.96123711483,-337.372201347,-13595.0225502,5784.69083515,-24153.1600155,-14220.1581439,-6423.74682434,-2.2847128031,-11065.9342712,-7.44220181269,-16740.8780674,-12.1138987052,-2286.03515574,-12.4978541439,-1070.19691132,-47.6840991679,42.2032263712,-348.777457932,-77.4750065447,-0.0269707436725,-23.8334884797,-0.0424319693484,-3.85565232557,-0.743960585693,-0.238779009999,-0.863257886838,-0.845631145378,-0.112379400971
49,I,17,-4.42764478651,-1.28194171368,-185.194332529,-103.080815354,-368.378180353,-594.809307315,-44813.2896022,-4618.24900149,-55192.813771,-1752.70298049,-15972.9240682,-2.49100503313,-27513.602168,-8.11252361017,-43833.5430825,-13.2546415235,-5985.73015889,-13.6749282446,-2793.38172742,-51.6596860562,-714.768460271,-379.680281156,-201.709282337,-0.0295045244406,-62.0515103738,-0.0464183042472,-15.6789911212,2.23780695017,-0.956407842699,-0.519621440994,-0.195686631839,-0.297088593547
50,Xe,18,-6.10004452511,-0.322805840027,-173.824598823,-104.775683451,-429.000949693,-587.095908407,-47613.1836066,-5861.07745147,-66130.3832549,4083.91232593,-19490.0342969,-2.5669856641,-33571.5336314,-8.3594401037,-53842.2325267,-13.6760596674,-7352.48759703,-14.1097680844,-3429.96807356,-53.1283717737,-994.07824244,-391.082901591,-247.549633432,-0.030439446782,-76.1533153328,-0.047889186662,-14.4405465627,-0.834480289443,-1.20278102698,0.224636193511,0.537873937177,-0.152329195668
51,Cs,1,2.40010508445,16.6515399508,148.806653245,28.5508131765,-175.189900388,386.24404942,-45730.1936491,-3913.36647963,-62012.0658178,-629.340568735,-18805.9028273,-2.55220627496,-32393.1737653,-8.31141402102,-51994.1524502,-13.5982458357,-7100.11914056,-14.0294759593,-3312.4239616,-52.85718086,-941.856609078,-388.950991068,-238.979013851,-0.0302646474287,-73.5167471241,-0.047614179968,-13.9071387718,-0.829918702513,-1.15479453001,-0.0277501487239,0.31887022207,-0.194250770473
52,Ba,2,5.71792461587,6.3989408512,10.2327478161,112.900497474,-223.169931517,437.895040173,-40158.5868419,-1320.02320501,-38339.339454,2998.23110363,-11562.2429169,-2.3957204628,-19916.5687823,-7.80293903584,-34079.9698489,-12.8439651056,-4653.81067065,-13.2511722505,-2173.0215292,-50.2284420971,-440.038041857,-368.464609944,-156.620499082,-0.0285849304626,-48.1809076637,-0.0449715213479,-8.78141108365,-0.786084598795,-0.679719326016,-0.724261964213,-0.515139405374,-0.337820847937
53,La,19,7.56030737074,-2.58017522898,-51.6521764765,105.15245101,-348.020495536,-155.752084911,-47360.6794224,-5603.45253651,-64853.1457564,3789.53192592,-19120.1577101,-2.55899516775,-32934.4517947,-8.33346958982,-53087.8907305,-13.6442979346,-7249.47686005,-14.0769947692,-3381.98939488,-53.0176784158,-972.846264309,-390.216121395,-244.065039088,-0.0303683778432,-75.081354345,-0.0477773760899,-14.2236765362,-0.832625664341,-1.18327093674,0.122022342343,0.448832496785,-0.169373460886
54,Ce,19,8.33066623408,-2.43420583165,-31.3606549871,119.511230385,-298.651266566,61.6260396588,-47105.3350202,-5340.99864183,-63762.097631,3877.03362664,-18813.5893507,-2.55237232802,-32406.4131667,-8.31195779772,-51970.4097745,-13.597246145,-7096.87695323,-14.0284444433,-3310.9138541,-52.8536966746,-1109.6829964,-395.17462786,-242.255396296,-0.0303314698477,-74.5246561351,-0.0477193094661,-15.6574670354,0.408441486334,-1.16214417114,0.0684297573326,0.383975162862,-0.181788417292
55,Pr,19,8.16761706587,-3.07335500616,-27.837071787,114.861442713,-254.144717225,46.8513849919,-47977.9591643,-6167.79289669,-67060.9611331,6324.45142745,-19831.9511669,-2.57437214273,-34160.4571382,-8.38344062414,-54736.8155337,-13.7137262882,-7474.64924245,-14.1486343447,-3486.86657596,-53.2596426526,-1113.18307719,-321.904890803,-251.57970469,-0.0305216408221,-77.3930807244,-0.0480185017458,-14.6884789786,-0.836600553315,-1.22863137003,0.38858040597,0.689603404109,-0.12328522171
56,Nd,19,8.16459760136,-3.29326247462,-33.6449620241,120.378048841,-269.844981867,83.1440908749,-47781.0295195,-5937.66412103,-66914.5929066,5357.22162575,-19763.5004833,-2.57289339291,-34042.5565055,-8.37863425845,-54576.1194889,-13.7069601447,-7452.70506022,-14.1416527074,-3476.64576468,-53.2360628341,-1014.5178593,-391.91733421,-250.9041857,-0.0305078634888,-77.1852715438,-0.0479968244619,-14.6493229402,-0.836265699426,-1.22432563112,0.359753351195,0.662497583366,-0.128473803517
57,Pm,19,7.70835500767,-3.41979215551,-51.1170691748,114.072594609,-251.23872372,127.674640746,-47685.5700819,-5793.29223358,-66180.9063789,4780.17788658,-19533.8231152,-2.56793164016,-33646.9562441,-8.36251369292,-53788.2960033,-13.6737886578,-7345.12217992,-14.1074247448,-3426.53753402,-53.1204567536,-1114.07225372,-300.308043156,-247.191748071,-0.0304321476446,-76.0432196393,-0.0478777040687,-14.4182729055,-0.834289809991,-1.20077722933,0.214097208493,0.528728849911,-0.154079743414
58,Sm,19,8.03875250328,-3.17240512069,-62.883203159,117.573278831,-262.544217197,151.659560686,-47405.1407109,-5579.50281955,-65066.6165143,5477.37729803,-19243.2089796,-2.56165346178,-33146.3974361,-8.34210969581,-53545.5147535,-13.6635662981,-7311.96867818,-14.0968768136,-3411.09583207,-53.0848306105,-1112.68794205,-334.262932398,-245.830103327,-0.0304043766511,-75.6243383083,-0.0478340095113,-14.3335282986,-0.833565092621,-1.19315344367,0.173999626638,0.493934824236,-0.160739997325
59,Eu,19,4.70826540172,1.56116597715,-70.9605981031,81.8591363711,-287.25562118,-95.0561798941,-43012.7892283,-4055.96859083,-52584.6757656,-1656.44277174,-15291.1799277,-2.47627721779,-26339.3543128,-8.06467524421,-41288.665155,-13.1474888599,-5638.20905832,-13.5643628908,-2631.518899,-51.2862444666,-640.393513359,-376.643977583,-189.502853811,-0.0292555720991,-58.2964631175,-0.0460266333809,-10.7915241299,-0.803274646553,-0.898287542885,-0.568339282829,-0.266483907066,-0.310557135264
60,Gd,19,7.47478773929,-3.67238785108,-52.453933367,111.502604553,-269.49062409,3.31074058057,-47622.0825069,-5822.78231612,-66775.9271126,4313.75808058,-19685.5268505,-2.57120891746,-33908.2533775,-8.37315745841,-54355.7103095,-13.6976797661,-7422.60661203,-14.1320767548,-3462.62699637,-53.2037198752,-1008.5557911,-391.673937075,-249.925690103,-0.0304879068922,-76.8842584289,-0.0479654276735,-14.5805285329,-0.83567738468,-1.21676073034,0.309106198794,0.614874529154,-0.137589783256
61,Tb,19,9.03163186505,0.10685482932,47.8756420023,256.795153801,818.00324801,4364.91343989,15975.0714534,33954.8643926,198860.290609,11530.8498153,55475.3889034,-0.947496996996,95550.2058947,-3.09700939706,161999.59443,-4.58799048516,22122.2409524,-4.73225464818,10298.299076,-21.4556424416,-1316.28693338,4611.20220892,750.708144528,-0.0100797968925,230.939360955,-0.0158579769498,47.929502555,-0.301105251155,3.65139604043,-0.356886218345,-1.48505777782,0.47922965627
62,Dy,19,7.56562459786,-3.39881184527,-56.5931323969,113.049783016,-261.578863278,67.7030104886,-47827.1153259,-5969.28907288,-67088.7405079,5211.69532442,-19805.579707,-2.57380243634,-34115.034485,-8.38158593636,-54872.8726625,-13.7194550045,-7493.22880084,-14.1545455122,-3495.52026353,-53.2796094952,-1023.01487677,-392.26421882,-252.29871695,-0.0305363052086,-77.6142696396,-0.0480415741156,-14.7361142936,-0.837007920125,-1.23386954404,0.42365002315,0.722578840344,-0.116973081223
63,Ho,19,7.32678137825,-3.36238467629,-46.7108349853,118.956759582,-270.661042731,42.8919674279,-47930.7604953,-6096.12502885,-67380.6444953,6674.2610268,-19944.5560253,-2.57680476145,-34354.4096949,-8.39134374831,-54921.6138734,-13.7215072643,-7499.88474533,-14.15666313,-3498.62035606,-53.2867622045,-1024.39948697,-392.320744533,-252.52595942,-0.0305409398603,-77.6841758217,-0.0480488645761,-14.7502569907,-0.837128865382,-1.23542472765,0.434062041456,0.732369248624,-0.115099006471
64,Er,19,-3.96499165259,-2.6396514953,-30.7614982559,-63.5613756029,-353.214790306,-507.594336101,-42664.2554036,-4283.7001834,-8008.0614934,26678.7176002,-3442.25952035,-2.22030331011,-5930.5689324,-7.2329264561,-11029.3663537,-11.8734142063,-1506.08744132,-12.2497103769,-706.925527065,-46.8459661754,-1154.20781492,674.52830715,-49.1286167801,-0.0263926138707,-15.1133271154,-0.0415224160766,-2.03978542484,-0.728431688548,-0.0762275025646,-0.914498344863,-0.968594358382,-0.0302540765455
65,Tm,19,-4.54124871435,1.14257025967,62.9452838536,-67.0359409743,-243.314676663,114.933474377,-44696.94865,-4147.87966951,-49180.9290442,6302.78788676,-14739.3200646,-2.46435531092,-25388.821356,-8.02592496661,-40698.8643743,-13.122655164,-5557.66755849,-13.5387382614,-2594.00555716,-51.1996991656,-626.708577525,-376.085299946,-187.256882132,-0.0292097650961,-57.605537362,-0.0459545710438,-15.7284735844,2.92097648531,-0.854981299886,-0.593808663422,-0.308545387946,-0.318179745211
66,Yb,19,-3.42376221588,0.588906347365,51.4521058134,-21.865422609,-329.432102367,15.2500944844,-47217.6562285,-5483.7186497,-63922.2832828,3998.30313611,-18863.5605421,-2.55345186275,-32492.4844138,-8.31545849756,-52484.2154381,-13.6188800492,-7167.04076804,-14.0507673669,-3343.59363684,-52.9290930949,-1115.28989282,-270.733301463,-241.182876994,-0.0303095956204,-74.1947186551,-0.0476848965446,-14.0382515466,-0.831039950327,-1.16658971421,0.0342869542354,0.372701685307,-0.183946380377
67,Lu,3,-3.57213451257,-2.19656194961,85.787745404,-80.0791800114,-255.604266261,-112.68552406,-41782.239449,-4095.09855395,-41615.0201352,-2613.56908982,-12280.168698,-2.41122991525,-21153.1365379,-7.85331390797,-33971.2725834,-12.8393883825,-4638.96740968,-13.2464498023,-2166.1080922,-50.2124803412,-438.503555133,-368.40196563,-156.368652769,-0.028579794011,-48.103433137,-0.0449634420762,-8.76573708156,-0.785950558152,-0.678316279855,-0.72470425903,-0.516186376116,-0.337069073607
68,Hf,4,-4.41469905303,-3.6942610782,41.3607825684,-95.011119347,-315.896438288,-330.773252321,-46201.7473567,-4677.81356924,-61909.1943401,691.680013196,-18012.4638627,-2.5350655005,-31026.5407731,-8.2557111194,-49633.0215929,-13.4988298843,-6777.69007974,-13.9268937474,-3162.2481139,-52.5107044756,-876.337541689,-386.276222391,-228.226021223,-0.0300453381781,-70.2088188408,-0.0472691487672,-13.2379072321,-0.824195580547,-1.11156247918,-0.209699654103,0.145666061685,-0.227405418844
69,Ta,5,-5.51595388449,-3.59579681613,60.8518441787,-113.073947251,98.8351777683,-84.4934774157,-14616.616732,4281.82853748,13586.3160577,-17596.1640127,3943.96118105,-2.06073773697,6791.58499169,-6.71443183452,8030.50862937,-11.0708938381,1096.67365739,-11.4216305819,505.346873965,-44.0490772172,-1171.76009634,1100.84854403,37.4893336413,-0.0246260249358,11.5328362316,-0.038743057324,-15.9603352922,13.1418972434,0.398676069144,-0.921226385274,-1.13417928318,0.0969517220641
70,W,6,-5.75180392135,-1.90723812108,-18.1906544364,-146.550423813,2.96123711483,-337.372201347,-13595.0225502,5784.69083515,-24153.1600155,-14220.1581439,-6423.74682434,-2.2847128031,-11065.9342712,-7.44220181269,-16740.8780674,-12.1138987052,-2286.03515574,-12.4978541439,-1070.19691132,-47.6840991679,42.2032263712,-348.777457932,-77.4750065447,-0.0269707436725,-23.8334884797,-0.0424319693484,-3.85565232557,-0.743960585693,-0.238779009999,-0.863257886838,-0.845631145378,-0.112379400971
71,Re,7,-4.42764478651,-1.28194171368,-185.194332529,-103.080815354,-368.378180353,-594.809307315,-44813.2896022,-4618.24900149,-55192.813771,-1752.70298049,-15972.9240682,-2.49100503313,-27513.602168,-8.11252361017,-43833.5430825,-13.2546415235,-5985.73015889,-13.6749282446,-2793.38172742,-51.6596860562,-714.768460271,-379.680281156,-201.709282337,-0.0295045244406,-62.0515103738,-0.0464183042472,-15.6789911212,2.23780695017,-0.956407842699,-0.519621440994,-0.195686631839,-0.297088593547
72,Os,8,-6.10004452511,-0.322805840027,-173.824598823,-104.775683451,-429.000949693,-587.095908407,-47613.1836066,-5861.07745147,-66130.3832549,4083.91232593,-19490.0342969,-2.5669856641,-33571.5336314,-8.3594401037,-53842.2325267,-13.6760596674,-7352.48759703,-14.1097680844,-3429.96807356,-53.1283717737,-994.07824244,-391.082901591,-247.549633432,-0.030439446782,-76.1533153328,-0.047889186662,-14.4405465627,-0.834480289443,-1.20278102698,0.224636193511,0.537873937177,-0.152329195668
73,Ir,8,2.40010508445,16.6515399508,148.806653245,28.5508131765,-175.189900388,386.24404942,-45730.1936491,-3913.36647963,-62012.0658178,-629.340568735,-18805.9028273,-2.55220627496,-32393.1737653,-8.31141402102,-51994.1524502,-13.5982458357,-7100.11914056,-14.0294759593,-3312.4239616,-52.85718086,-941.856609078,-388.950991068,-238.979013851,-0.0302646474287,-73.5167471241,-0.047614179968,-13.9071387718,-0.829918702513,-1.15479453001,-0.0277501487239,0.31887022207,-0.194250770473
74,Pt,8,5.71792461587,6.3989408512,10.2327478161,112.900497474,-223.169931517,437.895040173,-40158.5868419,-1320.02320501,-38339.339454,2998.23110363,-11562.2429169,-2.3957204628,-19916.5687823,-7.80293903584,-34079.9698489,-12.8439651056,-4653.81067065,-13.2511722505,-2173.0215292,-50.2284420971,-440.038041857,-368.464609944,-156.620499082,-0.0285849304626,-48.1809076637,-0.0449715213479,-8.78141108365,-0.786084598795,-0.679719326016,-0.724261964213,-0.515139405374,-0.337820847937
75,Au,11,7.56030737074,-2.58017522898,-51.6521764765,105.15245101,-348.020495536,-155.752084911,-47360.6794224,-5603.45253651,-64853.1457564,3789.53192592,-19120.1577101,-2.55899516775,-32934.4517947,-8.33346958982,-53087.8907305,-13.6442979346,-7249.47686005,-14.0769947692,-3381.98939488,-53.0176784158,-972.846264309,-390.216121395,-244.065039088,-0.0303683778432,-75.081354345,-0.0477773760899,-14.2236765362,-0.832625664341,-1.18327093674,0.122022342343,0.448832496785,-0.169373460886
76,Hg,12,8.33066623408,-2.43420583165,-31.3606549871,119.511230385,-298.651266566,61.6260396588,-47105.3350202,-5340.99864183,-63762.097631,3877.03362664,-18813.5893507,-2.55237232802,-32406.4131667,-8.31195779772,-51970.4097745,-13.597246145,-7096.87695323,-14.0284444433,-3310.9138541,-52.8536966746,-1109.6829964,-395.17462786,-242.255396296,-0.0303314698477,-74.5246561351,-0.0477193094661,-15.6574670354,0.408441486334,-1.16214417114,0.0684297573326,0.383975162862,-0.181788417292
77,Tl,13,8.16761706587,-3.07335500616,-27.837071787,114.861442713,-254.144717225,46.8513849919,-47977.9591643,-6167.79289669,-67060.9611331,6324.45142745,-19831.9511669,-2.57437214273,-34160.4571382,-8.38344062414,-54736.8155337,-13.7137262882,-7474.64924245,-14.1486343447,-3486.86657596,-53.2596426526,-1113.18307719,-321.904890803,-251.57970469,-0.0305216408221,-77.3930807244,-0.0480185017458,-14.6884789786,-0.836600553315,-1.22863137003,0.38858040597,0.689603404109,-0.12328522171
78,Pb,14,8.16459760136,-3.29326247462,-33.6449620241,120.378048841,-269.844981867,83.1440908749,-47781.0295195,-5937.66412103,-66914.5929066,5357.22162575,-19763.5004833,-2.57289339291,-34042.5565055,-8.37863425845,-54576.1194889,-13.7069601447,-7452.70506022,-14.1416527074,-3476.64576468,-53.2360628341,-1014.5178593,-391.91733421,-250.9041857,-0.0305078634888,-77.1852715438,-0.0479968244619,-14.6493229402,-0.836265699426,-1.22432563112,0.359753351195,0.662497583366,-0.128473803517
79,Bi,15,7.70835500767,-3.41979215551,-51.1170691748,114.072594609,-251.23872372,127.674640746,-47685.5700819,-5793.29223358,-66180.9063789,4780.17788658,-19533.8231152,-2.56793164016,-33646.9562441,-8.36251369292,-53788.2960033,-13.6737886578,-7345.12217992,-14.1074247448,-3426.53753402,-53.1204567536,-1114.07225372,-300.308043156,-247.191748071,-0.0304321476446,-76.0432196393,-0.0478777040687,-14.4182729055,-0.834289809991,-1.20077722933,0.214097208493,0.528728849911,-0.154079743414
80,Ac,20,8.03875250328,-3.17240512069,-62.883203159,117.573278831,-262.544217197,151.659560686,-47405.1407109,-5579.50281955,-65066.6165143,5477.37729803,-19243.2089796,-2.56165346178,-33146.3974361,-8.34210969581,-53545.5147535,-13.6635662981,-7311.96867818,-14.0968768136,-3411.09583207,-53.0848306105,-1112.68794205,-334.262932398,-245.830103327,-0.0304043766511,-75.6243383083,-0.0478340095113,-14.3335282986,-0.833565092621,-1.19315344367,0.173999626638,0.493934824236,-0.160739997325
81,Th,20,4.70826540172,1.56116597715,-70.9605981031,81.8591363711,-287.25562118,-95.0561798941,-43012.7892283,-4055.96859083,-52584.6757656,-1656.44277174,-15291.1799277,-2.47627721779,-26339.3543128,-8.06467524421,-41288.665155,-13.1474888599,-5638.20905832,-13.5643628908,-2631.518899,-51.2862444666,-640.393513359,-376.643977583,-189.502853811,-0.0292555720991,-58.2964631175,-0.0460266333809,-10.7915241299,-0.803274646553,-0.898287542885,-0.568339282829,-0.266483907066,-0.310557135264
82,Pa,20,7.47478773929,-3.67238785108,-52.453933367,111.502604553,-269.49062409,3.31074058057,-47622.0825069,-5822.78231612,-66775.9271126,4313.75808058,-19685.5268505,-2.57120891746,-33908.2533775,-8.37315745841,-54355.7103095,-13.6976797661,-7422.60661203,-14.1320767548,-3462.62699637,-53.2037198752,-1008.5557911,-391.673937075,-249.925690103,-0.0304879068922,-76.8842584289,-0.0479654276735,-14.5805285329,-0.83567738468,-1.21676073034,0.309106198794,0.614874529154,-0.137589783256
83,U,20,9.03163186505,0.10685482932,47.8756420023,256.795153801,818.00324801,4364.91343989,15975.0714534,33954.8643926,198860.290609,11530.8498153,55475.3889034,-0.947496996996,95550.2058947,-3.09700939706,161999.59443,-4.58799048516,22122.2409524,-4.73225464818,10298.299076,-21.4556424416,-1316.28693338,4611.20220892,750.708144528,-0.0100797968925,230.939360955,-0.0158579769498,47.929502555,-0.301105251155,3.65139604043,-0.356886218345,-1.48505777782,0.47922965627
84,Np,20,7.56562459786,-3.39881184527,-56.5931323969,113.049783016,-261.578863278,67.7030104886,-47827.1153259,-5969.28907288,-67088.7405079,5211.69532442,-19805.579707,-2.57380243634,-34115.034485,-8.38158593636,-54872.8726625,-13.7194550045,-7493.22880084,-14.1545455122,-3495.52026353,-53.2796094952,-1023.01487677,-392.26421882,-252.29871695,-0.0305363052086,-77.6142696396,-0.0480415741156,-14.7361142936,-0.837007920125,-1.23386954404,0.42365002315,0.722578840344,-0.116973081223
85,Pu,20,7.32678137825,-3.36238467629,-46.7108349853,118.956759582,-270.661042731,42.8919674279,-47930.7604953,-6096.12502885,-67380.6444953,6674.2610268,-19944.5560253,-2.57680476145,-34354.4096949,-8.39134374831,-54921.6138734,-13.7215072643,-7499.88474533,-14.15666313,-3498.62035606,-53.2867622045,-1024.39948697,-392.320744533,-252.52595942,-0.0305409398603,-77.6841758217,-0.0480488645761,-14.7502569907,-0.837128865382,-1.23542472765,0.434062041456,0.732369248624,-0.115099006471
